sample,klt,klt_jabloun,stsa,logstsa,logstsa_nest,logstsa_sap_q,weuclid,rdc,mb,wavthre,scalart,tsoukalas,unprocessed,Class
sp01_babble_sn5.wav,2.713719,2.697965,2.548802,2.243176,2.525531,2.973819,2.460344,1.822907,2.635221,2.988506,2.598753,3.410298,1.285175,0
sp02_babble_sn5.wav,3.190595,3.520302,3.264706,3.111587,2.381063,4.036488,3.165254,2.951164,3.498428,3.66408,3.252884,4.218065,2.323757,0
sp03_babble_sn5.wav,3.60729,3.609455,3.528847,3.182968,3.378135,3.716647,4.307754,2.806489,3.34358,3.470879,4.033968,3.735739,2.319677,0
sp04_babble_sn5.wav,3.196171,3.410466,2.839074,2.993245,2.781261,3.825302,2.875215,2.935166,3.211637,3.459029,3.207609,3.493634,2.33868,0
sp05_babble_sn5.wav,3.563157,4.196057,2.329658,2.62031,3.160787,3.000697,2.308355,2.973973,2.959249,3.822045,3.550435,4.433117,3.486025,0
sp06_babble_sn5.wav,2.721983,3.346676,1.806028,3.388491,3.148675,2.177568,2.309121,2.750284,4.075578,3.031852,3.081721,3.824427,2.296733,0
sp07_babble_sn5.wav,2.897917,2.582405,2.823936,2.517186,2.896797,3.404773,3.002509,2.161226,2.903853,2.713431,3.207971,3.916143,1.549971,0
sp08_babble_sn5.wav,2.609852,2.628657,2.806691,2.967975,2.457856,2.866513,2.964969,2.610067,2.906231,2.643574,3.790986,3.299523,2.335151,0
sp09_babble_sn5.wav,2.927617,2.892068,2.759079,2.345215,2.318211,3.200078,2.622446,2.798116,2.918001,3.045578,2.730135,3.692319,3.615382,0
sp10_babble_sn5.wav,2.969431,2.265506,3.490016,2.455977,3.198472,3.220588,3.232577,2.541097,2.531971,3.045033,2.556985,3.250825,2.176698,0
sp11_babble_sn5.wav,2.568467,2.841668,3.35894,3.230043,3.063966,3.629727,3.389842,2.53769,2.884364,2.66178,3.394627,4.481167,2.759588,0
sp12_babble_sn5.wav,2.592,2.390293,3.012248,2.759203,2.878506,3.395198,2.777385,2.37169,2.522456,2.832536,2.810724,3.224318,2.471955,0
sp13_babble_sn5.wav,2.508463,2.917553,2.721318,2.584262,3.447762,5,2.720208,2.726505,2.834346,3.120881,3.859799,3.264056,3.144688,0
sp14_babble_sn5.wav,2.29595,2.760215,2.05921,2.888097,2.634703,3.928413,2.420035,1.618408,2.604101,2.846823,3.301432,3.115245,1.770284,0
sp15_babble_sn5.wav,2.755555,2.832104,2.943896,2.760611,2.76959,2.561134,2.778629,1.105799,3.014371,2.827965,3.123785,3.908894,1.862382,0
sp16_babble_sn5.wav,2.580424,2.304536,2.852249,2.433231,2.534403,2.305567,2.671562,2.126104,2.537447,2.699554,3.302804,3.370375,2.246863,0
sp17_babble_sn5.wav,2.871919,2.53458,3.690467,3.711912,3.243174,3.506915,3.54031,1.933912,2.717427,2.362387,3.568483,3.786853,1.866951,0
sp18_babble_sn5.wav,2.396294,2.421276,2.555124,2.912969,3.261606,3.247462,2.526401,2.758112,2.401381,2.766507,3.049007,2.968133,2.722733,0
sp19_babble_sn5.wav,2.478282,2.310155,2.538627,2.264024,2.754767,3.851594,2.107511,2.389652,2.264041,2.56562,2.990755,1.743327,2.472736,0
sp20_babble_sn5.wav,2.520957,2.768404,3.059646,2.917358,2.800143,2.779229,2.950641,2.298698,2.789367,2.81332,3.032244,3.059282,2.174615,0
sp21_babble_sn5.wav,2.647088,2.788969,2.580727,2.707727,2.419163,2.389316,2.223525,2.429297,2.617262,2.903337,3.21831,3.216783,2.292159,0
sp22_babble_sn5.wav,2.805897,3.077152,2.895467,2.593284,2.953201,2.888458,2.677064,2.808797,3.225362,3.067392,2.693437,3.753744,2.4424,0
sp23_babble_sn5.wav,2.582918,2.928806,2.52907,2.520026,2.868878,3.874761,2.456026,2.437985,2.706586,3.117172,2.285494,3.903823,2.54866,0
sp24_babble_sn5.wav,1.499014,1.946141,1.228111,1.381231,2.087027,1.392984,1.549166,1.668569,2.32893,2.181276,2.099505,3.006242,1.226822,0
sp25_babble_sn5.wav,2.435515,2.778575,2.30376,1.912932,3.115117,4.303001,2.354666,2.788639,2.870343,3.128261,2.595854,3.719635,1.459976,0
sp26_babble_sn5.wav,3.065726,3.017412,3.016102,3.190012,3.548459,3.069776,3.151877,2.856114,3.393345,3.150502,2.720804,3.858465,2.209215,0
sp27_babble_sn5.wav,2.961833,3.417866,3.469896,3.339125,3.229095,3.128816,3.336986,3.149683,3.410854,3.377744,4.099415,3.959056,2.836475,0
sp28_babble_sn5.wav,3.111126,2.940101,3.573447,3.324499,3.31887,3.314031,3.556317,2.660501,3.168493,3.205275,3.345772,3.754249,2.752291,0
sp29_babble_sn5.wav,2.878045,3.043977,3.601754,3.484466,3.173763,3.259093,3.529372,2.626421,3.17829,2.933614,3.197153,3.490457,2.938685,0
sp30_babble_sn5.wav,3.112242,2.684194,2.866863,2.948281,3.273542,3.135881,3.136665,2.60617,2.887488,3.400476,3.353839,3.465318,2.103385,0
sp01_babble_sn10.wav,2.43709,2.403686,2.773909,2.679208,2.625397,3.422361,2.809418,2.357258,2.369852,2.742619,2.541674,3.898764,2.274081,1
sp02_babble_sn10.wav,3.451694,3.822798,3.194787,3.444572,3.265778,3.663259,3.461572,3.294884,3.838583,3.791699,3.348961,4.894149,3.975404,1
sp03_babble_sn10.wav,4.236159,3.436453,3.40912,3.321467,3.291912,4.247756,3.492491,3.454525,3.387084,3.985714,3.85718,4.783431,3.02745,1
sp04_babble_sn10.wav,3.442055,3.447856,3.061199,2.878829,3.064202,2.880127,3.094603,3.138526,3.166123,3.549986,3.322836,3.872119,3.579958,1
sp05_babble_sn10.wav,3.317637,3.584164,3.020761,2.904495,3.08194,3.521572,2.922461,3.142597,3.22136,3.686856,3.707344,3.86296,3.246383,1
sp06_babble_sn10.wav,3.126007,3.14006,3.107559,2.984652,2.965279,3.375133,3.153812,2.970614,3.088817,3.499491,3.122652,3.519714,3.198693,1
sp07_babble_sn10.wav,3.488976,3.570249,4.059449,3.727657,3.288302,3.969144,4.000666,3.256368,3.556566,3.667633,3.553567,3.933124,3.068299,1
sp08_babble_sn10.wav,2.730068,3.216446,2.697239,2.859467,2.702125,2.652776,2.643652,3.246997,2.651698,2.742076,3.742549,3.633375,3.487422,1
sp09_babble_sn10.wav,2.965419,2.954052,2.616695,2.861416,2.825265,3.012492,2.680526,2.775179,2.927978,3.051082,2.771704,3.686843,4.168933,1
sp10_babble_sn10.wav,3.717365,3.551404,3.670163,3.359833,3.071705,3.506813,3.353536,3.522623,3.290916,3.578921,3.289935,3.916922,3.164285,1
sp11_babble_sn10.wav,1.978249,2.766448,2.749933,2.784119,3.166304,2.525988,3.019644,3.092195,3.776516,2.711466,3.854879,3.167785,3.323402,1
sp12_babble_sn10.wav,3.211028,3.026759,3.452593,3.284742,3.332081,3.916845,3.231472,2.36,3.193694,3.265602,3.433627,3.307418,2.746579,1
sp13_babble_sn10.wav,3.237387,3.360158,3.979135,3.591571,3.876986,4.50283,3.602652,3.095919,3.420054,3.14909,3.34276,3.83763,3.390268,1
sp14_babble_sn10.wav,2.566494,2.751689,2.811139,2.657328,3.293955,3.88134,2.709129,2.516596,2.728148,2.889889,3.172753,3.360031,1.927223,1
sp15_babble_sn10.wav,3.271505,3.168665,3.800248,3.785535,3.620991,3.648153,3.337207,3.414183,3.724723,3.414824,3.944314,4.596684,3.242336,1
sp16_babble_sn10.wav,2.498025,2.701015,3.306861,3.316675,3.13873,3.285117,3.056232,2.63581,2.864372,2.930521,3.263869,3.966355,2.536826,1
sp17_babble_sn10.wav,2.499896,2.520112,3.203722,3.435326,3.48365,3.022014,3.239209,2.35447,2.662955,2.540886,3.668958,2.97023,3.24185,1
sp18_babble_sn10.wav,3.12598,3.19502,3.258373,3.288355,3.731452,3.135305,3.374946,2.603648,2.972922,3.731086,3.269287,4.318865,2.543992,1
sp19_babble_sn10.wav,2.517515,2.725471,2.72433,2.685546,2.781387,2.574751,2.637695,2.472373,2.532684,2.777845,2.70846,2.945404,2.578526,1
sp20_babble_sn10.wav,2.875273,3.070381,3.005374,3.180648,3.112052,3.120964,3.28875,2.328964,2.874144,2.791357,3.147295,3.56522,2.49378,1
sp21_babble_sn10.wav,2.85295,2.74776,2.59168,2.658332,3.008036,3.052371,2.481002,2.846321,2.931563,3.191737,2.883698,3.248907,2.839326,1
sp22_babble_sn10.wav,2.821801,3.357395,3.029803,3.060751,3.07954,3.729967,3.119811,3.097928,3.562698,3.507218,3.386674,4.346298,2.8072,1
sp23_babble_sn10.wav,3.063878,3.056526,2.769931,2.868993,2.152216,2.606584,2.742454,2.753259,2.739536,2.850351,2.965462,3.697078,2.920674,1
sp24_babble_sn10.wav,2.489219,2.8521,2.836706,3.011065,2.810569,3.664114,3.176679,2.40269,2.546176,3.109294,2.382383,3.336955,1.728468,1
sp25_babble_sn10.wav,2.540997,2.553115,2.598739,2.296178,2.367625,3.928505,2.502913,2.791875,2.733495,3.23996,2.722837,4.710813,2.252461,1
sp26_babble_sn10.wav,3.314993,3.760468,3.732147,3.634772,4.032777,3.67104,3.446491,3.047883,3.582862,3.694857,3.123576,4.316503,3.454877,1
sp27_babble_sn10.wav,3.601428,3.455699,3.749586,4.011856,3.775789,4.072188,3.517951,3.365924,3.66398,3.717221,3.932191,3.936655,3.720103,1
sp28_babble_sn10.wav,3.991904,3.392102,3.814979,3.746878,3.588473,3.37467,3.945388,3.462302,3.700981,3.30265,3.601508,4.192342,3.196773,1
sp29_babble_sn10.wav,3.558792,3.402839,4.365898,4.01154,3.860015,3.949813,4.364962,3.181224,3.508174,3.669271,3.312585,4.102989,2.996236,1
sp30_babble_sn10.wav,3.013588,3.346072,3.498167,3.309313,3.554241,3.707955,3.54464,2.824097,3.644069,3.463937,3.66867,4.07986,2.503576,1
sp01_car_sn5.wav,2.347567,2.848358,2.850171,2.68298,2.601205,4.907662,2.403589,2.483596,2.515134,2.245913,2.388325,2.90822,1,2
sp02_car_sn5.wav,3.161678,3.647603,3.582347,3.549137,3.444466,3.92978,3.448472,2.836788,3.402878,3.555585,3.263451,3.58282,2.100694,2
sp03_car_sn5.wav,3.138312,3.739116,3.089366,3.042004,2.800431,5,3.065809,3.188815,3.385178,3.5107,3.012855,3.578809,1.802119,2
sp04_car_sn5.wav,2.935415,3.547826,2.652657,3.056227,3.157303,3.566217,2.823721,3.08785,3.002855,3.296397,3.019688,3.155215,2.782451,2
sp05_car_sn5.wav,3.133254,3.08428,3.041485,2.992921,2.816836,4.410358,2.843678,3.571263,3.387942,3.509564,4.237901,4.550051,2.71798,2
sp06_car_sn5.wav,3.060514,3.074209,2.820796,2.761338,3.20507,2.772719,2.854896,2.702875,2.961796,3.169331,2.843822,3.508384,2.525082,2
sp07_car_sn5.wav,2.888777,3.262687,3.224713,3.099928,2.870587,4.591101,3.119845,2.744484,2.999066,2.668652,2.597051,4.146425,2.069876,2
sp08_car_sn5.wav,3.034615,2.880774,2.665505,2.807693,2.491284,2.912235,2.769636,2.687193,2.699987,3.003637,2.583671,3.289192,2.257816,2
sp09_car_sn5.wav,2.927823,3.007868,2.469949,2.736824,2.504711,3.804014,2.432157,2.92896,2.742733,2.421942,2.953651,2.942552,1.750061,2
sp10_car_sn5.wav,3.003766,3.40396,2.749995,3.356433,2.98136,2.698401,3.287634,2.756862,2.801915,3.035399,2.846954,3.231804,2.207478,2
sp11_car_sn5.wav,2.510518,2.615942,2.533762,3.164872,3.029659,4.640281,2.716733,2.24122,3.077622,3.116232,2.953571,3.481177,1.779301,2
sp12_car_sn5.wav,2.537036,2.573972,2.999409,2.798702,3.11028,3.619555,3.356712,2.21557,2.835919,2.806236,2.989351,3.762885,1.333161,2
sp13_car_sn5.wav,2.842884,3.366629,3.080126,3.121949,3.799975,3.741321,3.004398,2.416658,3.595368,2.753825,3.340029,3.698755,2.362161,2
sp14_car_sn5.wav,2.137053,2.546517,2.721418,2.518386,2.33269,3.737475,2.624483,1.782903,1.937271,2.771878,2.475486,2.767754,1.030237,2
sp15_car_sn5.wav,2.807743,2.969445,3.2087,2.915406,3.448384,3.840687,3.190329,2.758508,2.768974,3.167236,3.234602,3.444235,1.513296,2
sp16_car_sn5.wav,2.754979,2.551673,3.082264,3.055803,3.04915,2.984885,3.090285,1.465361,2.749236,2.710129,2.937346,2.884422,2.021226,2
sp17_car_sn5.wav,1.852949,2.237497,3.143932,3.453532,3.114652,3.439994,3.28,1,3.099411,2.511835,2.180188,4.361415,1.590244,2
sp18_car_sn5.wav,2.219407,2.601181,3.621994,3.193026,3.521663,3.701462,3.194617,2.426862,3.052256,2.674609,2.98418,3.554774,2.720309,2
sp19_car_sn5.wav,2.345698,2.303069,2.295769,2.571174,2.907094,2.402974,2.44678,2.181696,2.536784,2.307155,2.672296,1.268991,1.83127,2
sp20_car_sn5.wav,2.788432,2.686438,2.832895,2.725617,2.639246,3.478251,2.928754,2.326496,2.540332,2.652173,2.720195,3.632474,1.753516,2
sp21_car_sn5.wav,2.431529,2.264779,2.494883,2.79749,3.102318,2.634063,2.537161,2.563199,2.874869,2.953408,2.711799,3.10982,2.111787,2
sp22_car_sn5.wav,2.304177,3.297783,2.527835,3.16832,3.086471,4.083784,2.563786,2.756405,3.307567,3.10164,2.792008,4.084907,1.290128,2
sp23_car_sn5.wav,2.535015,3.356789,2.157181,2.633182,2.585242,5,2.032467,2.668259,2.530281,3.495774,2.740655,3.782548,1,2
sp24_car_sn5.wav,2.569843,2.779965,2.886041,2.520332,2.924884,3.362744,2.920887,2.508625,2.312907,2.897707,2.19336,3.382934,1.242119,2
sp25_car_sn5.wav,1.88291,2.523205,2.064732,2.076131,2.161304,3.705996,2.221346,2.359279,2.441687,3.113084,2.479392,2.583722,1,2
sp26_car_sn5.wav,2.953896,2.773643,2.789532,3.458153,3.098329,3.089007,2.844223,2.910244,3.228341,3.285344,3.38374,3.752361,1.405145,2
sp27_car_sn5.wav,3.030945,3.494905,3.382749,3.751845,3.966337,4.056281,3.635229,2.868343,3.317459,3.427196,3.574223,3.589576,2.908115,2
sp28_car_sn5.wav,2.905332,2.346529,3.294415,3.43433,3.105876,4.063941,3.401544,2.626358,2.976606,3.242786,3.250016,4.207398,1.22116,2
sp29_car_sn5.wav,2.839684,3.097896,3.213322,3.125426,3.657581,3.17632,3.033604,2.882489,3.151399,3.15709,3.108845,3.388873,2.84476,2
sp30_car_sn5.wav,2.883371,2.990816,3.068164,3.173634,2.649215,3.926016,3.544982,1.661855,2.986205,2.719434,3.816436,3.904698,1.461633,2
sp01_car_sn10.wav,3.061988,3.29767,2.943936,2.803186,2.625318,3.576751,2.982529,2.896611,2.797891,3.441318,2.810551,4.079084,2.495505,3
sp02_car_sn10.wav,3.80103,4.02975,3.490395,3.801387,3.67882,4.134411,3.544605,3.422283,3.951051,4.182817,3.610084,4.73855,3.699568,3
sp03_car_sn10.wav,3.416774,3.358843,3.313448,3.152108,3.031983,4.308966,3.374919,3.153198,2.972203,4.350074,3.049178,4.434607,2.675937,3
sp04_car_sn10.wav,3.686185,3.684501,3.054741,3.484865,3.430365,4.448006,3.217454,3.366191,3.502557,3.835166,3.468684,4.248073,3.621966,3
sp05_car_sn10.wav,3.637174,4.009878,3.603385,3.463394,3.396144,3.615204,3.412096,3.334861,3.658014,3.68782,3.24355,3.983265,3.886566,3
sp06_car_sn10.wav,3.385986,3.144196,3.432471,3.172862,2.930094,3.33781,3.120581,3.080187,3.319156,3.312936,2.912709,2.692075,3.470351,3
sp07_car_sn10.wav,3.228026,3.61383,3.651253,3.53452,3.73558,3.793767,3.298114,3.289367,3.442491,3.170055,3.253866,3.94316,3.291429,3
sp08_car_sn10.wav,3.415408,3.11552,2.946742,3.352952,3.072399,3.19113,2.994923,2.995659,3.205679,3.623953,3.011084,3.912091,3.299951,3
sp09_car_sn10.wav,3.42307,3.267429,2.268197,2.495704,2.76635,3.197871,2.300806,3.124985,2.847044,3.190832,3.142363,3.94314,4.135447,3
sp10_car_sn10.wav,3.651115,3.760572,3.599895,3.44197,3.154214,4.107569,3.545471,3.168304,3.036176,3.510631,3.445466,3.705343,3.040685,3
sp11_car_sn10.wav,2.836331,2.490328,3.37309,3.396009,3.082095,4.147946,3.466549,2.705168,3.453755,3.144227,3.491881,3.59771,2.912466,3
sp12_car_sn10.wav,2.915992,2.983602,3.561926,3.377659,3.587628,4.292468,3.270233,2.500765,3.120711,2.843047,3.429615,4.268282,2.054331,3
sp13_car_sn10.wav,3.030339,3.267135,3.62305,3.423957,3.745577,4.489227,3.472535,2.870121,3.430717,3.453819,3.612761,4.406067,2.855218,3
sp14_car_sn10.wav,2.787394,3.04147,3.122749,2.864159,2.983152,4.05317,3.089567,2.088131,2.61554,3.000757,2.769195,3.723114,1.922362,3
sp15_car_sn10.wav,2.781292,3.107733,3.670151,3.093827,3.237067,4.429809,3.730865,2.555948,3.11944,3.078946,3.423472,4.320438,2.750883,3
sp16_car_sn10.wav,2.524691,2.518917,3.496869,3.44501,3.376575,3.477747,3.494039,2.485434,2.908223,2.495423,3.255358,3.156994,2.653303,3
sp17_car_sn10.wav,2.934922,3.104166,3.496382,3.857498,4.027999,3.882327,3.717893,2.747815,3.44028,3.148652,3.406621,4.404945,2.523033,3
sp18_car_sn10.wav,3.14209,3.208719,2.909607,2.90919,2.756052,3.726678,3.009894,1.953471,2.807879,3.335013,2.925667,4.266104,2.575711,3
sp19_car_sn10.wav,2.912474,2.288165,2.984785,2.9665,3.005632,4.07504,3.272826,2.038043,2.794392,2.321401,2.789119,4.155281,2.526096,3
sp20_car_sn10.wav,2.804922,3.01021,2.983906,3.171247,3.113964,3.040074,2.896266,1.918623,2.889087,3.252366,2.87526,3.427587,2.07377,3
sp21_car_sn10.wav,2.484738,2.784497,2.292977,2.561394,2.697436,2.774508,2.723585,2.676122,2.927753,2.808582,2.68512,2.75156,2.921776,3
sp22_car_sn10.wav,2.584944,3.234729,2.912142,2.707572,3.260297,4.211558,2.885138,2.893185,3.659684,3.526782,3.298495,4.736941,2.91527,3
sp23_car_sn10.wav,2.982668,3.05175,2.32679,2.421822,2.684377,3.981791,2.40164,2.706665,3.001143,3.292335,2.640383,3.318674,2.682219,3
sp24_car_sn10.wav,2.713352,2.828546,2.858175,2.413623,2.665029,3.376882,2.779544,2.36343,2.484604,2.680466,3.098925,3.638954,1.616712,3
sp25_car_sn10.wav,2.653654,2.980908,2.486375,2.755924,2.657616,4.346507,2.842665,2.746846,2.736542,3.158705,2.743427,3.219046,2.480678,3
sp26_car_sn10.wav,3.326739,3.318947,3.632073,3.641987,3.629712,3.843122,3.545483,2.953348,3.391582,3.530179,3.497107,3.927585,2.869894,3
sp27_car_sn10.wav,3.536054,3.83607,3.742626,3.991418,3.85956,3.52297,3.719028,3.212043,3.592493,3.606087,3.92124,4.308517,3.495898,3
sp28_car_sn10.wav,3.17241,3.335045,4.095137,3.520323,3.764546,3.860781,3.733979,2.887426,3.397663,3.412039,3.728179,4.225829,2.950096,3
sp29_car_sn10.wav,3.347979,3.276732,3.707729,3.522874,3.557429,3.536484,3.54471,2.944974,3.019872,3.846249,3.510521,4.274364,3.078457,3
sp30_car_sn10.wav,2.659202,3.00372,3.580176,3.520385,3.533741,3.55832,3.731184,2.550335,2.903447,3.106407,2.92593,3.788817,2.292207,3
sp01_street_sn5.wav,1.618662,3.070288,1.970241,1.922182,3.074966,2.012608,2.167932,2.227733,2.336673,2.185557,1.951916,1.596838,1.876377,4
sp02_street_sn5.wav,2.867403,2.909514,2.364992,2.56274,2.451155,3.101283,2.246284,3.101085,2.740163,3.723526,2.743557,3.188753,3.399581,4
sp03_street_sn5.wav,3.101585,3.210228,2.721635,2.552009,2.206048,3.736506,3.158101,3.108918,3.391691,3.324474,2.802444,3.828774,1.0983,4
sp04_street_sn5.wav,3.258352,3.55004,2.816744,2.8173,2.585422,3.071267,2.768869,3.763983,3.047302,3.736348,2.860577,4.005729,3.788536,4
sp05_street_sn5.wav,3.262414,3.188599,2.432354,2.850227,3.456262,3.941571,2.497586,3.467333,3.223454,3.567989,4.991149,3.187739,2.081916,4
sp06_street_sn5.wav,2.783093,2.763516,2.330559,2.972328,2.724734,2.887695,2.769425,3.23697,3.058189,2.888052,4.101979,2.286642,1.346906,4
sp07_street_sn5.wav,2.567489,2.358817,2.415944,2.128712,2.889862,2.553067,2.403677,1.964718,2.469136,2.672516,2.352038,2.541971,1.966468,4
sp08_street_sn5.wav,2.598603,2.467511,2.392618,2.234125,2.099358,2.600592,2.379888,2.291321,2.358846,2.645627,2.352662,3.26162,2.180229,4
sp09_street_sn5.wav,2.649772,2.885532,3.086306,2.315645,2.667087,2.384311,2.982973,2.576559,3.032324,2.51305,2.47848,1.487845,2.454613,4
sp10_street_sn5.wav,3.306197,3.114897,3.143306,3.242363,3.484524,3.040997,3.112535,3.110682,2.4867,3.230787,3.148916,3.250005,2.412193,4
sp11_street_sn5.wav,2.393609,2.850985,2.737425,2.666197,3.368518,4.831307,2.983906,2.982395,3.155793,3.080485,3.271684,3.062837,3.526911,4
sp12_street_sn5.wav,2.688138,2.877569,3.31458,3.273074,3.086494,3.330707,3.218776,2.605453,2.756375,2.583019,3.06442,3.483648,1.849448,4
sp13_street_sn5.wav,3.84328,3.904059,2.968328,2.956857,3.624354,4.024449,2.89382,2.461842,3.095562,3.951848,3.24698,3.779986,2.610284,4
sp14_street_sn5.wav,2.419009,2.446576,2.374187,2.403774,2.591571,4.44684,2.457108,1.753082,2.327967,3.08265,2.53812,2.149603,1.483607,4
sp15_street_sn5.wav,2.980394,2.732337,2.816716,2.985542,3.120462,4.37383,3.007978,2.502747,3.12157,2.911089,2.94321,3.663319,1.618662,4
sp16_street_sn5.wav,2.458389,3.087054,3.297249,3.2524,3.252972,2.899779,3.266987,2.538753,2.760199,2.964335,2.644158,3.233264,1.924327,4
sp17_street_sn5.wav,2.99288,2.522427,2.896565,3.511941,3.686225,4.91277,2.791105,1.653181,3.441636,2.965839,3.865759,3.857714,1.879695,4
sp18_street_sn5.wav,2.731689,2.61364,2.957084,2.651203,3.797158,2.666689,3.018765,1.890542,3.24609,2.154347,2.259954,2.359775,1.879433,4
sp19_street_sn5.wav,2.1003,2.484455,2.428301,2.311006,2.509744,4.93329,2.34428,2.413848,2.356684,3.601362,2.668238,2.155705,2.401119,4
sp20_street_sn5.wav,2.452601,2.778076,2.394913,2.346517,2.827885,2.532189,2.491483,2.226953,2.81995,2.318716,2.671198,3.138761,1.449459,4
sp21_street_sn5.wav,2.425559,2.730257,2.582052,2.676188,2.557352,3.022857,2.322941,2.203269,3.12447,2.742982,2.662275,2.691057,1.035703,4
sp22_street_sn5.wav,2.823337,2.838206,3.546069,3.460958,3.117164,3.473043,3.453706,2.511069,2.66647,2.611702,3.47514,3.8601,1.890969,4
sp23_street_sn5.wav,2.735576,3.155588,2.831185,2.614662,2.786486,3.970696,2.91901,3.057093,2.660171,2.574967,3.078185,2.577737,2.474246,4
sp24_street_sn5.wav,2.221078,2.554299,3.087213,2.833518,2.473915,2.617472,2.768655,2.190345,3.245608,2.722102,2.480585,3.742182,1,4
sp25_street_sn5.wav,2.809337,2.577113,2.161911,2.968474,1.991043,3.296275,2.241536,3.119724,2.47532,3.109832,3.393793,3.955629,2.128298,4
sp26_street_sn5.wav,3.671716,3.098216,3.136523,2.745261,2.455743,3.891258,3.059731,2.302726,2.426962,2.808477,2.764282,4.161067,1.321815,4
sp27_street_sn5.wav,3.204717,2.530697,3.551727,4.045226,3.620072,3.323232,3.610447,2.964362,3.359108,3.371455,3.519458,3.409929,2.984618,4
sp28_street_sn5.wav,3.503765,3.246464,3.787832,3.392528,3.798322,4.033087,3.582789,1,3.521039,3.26748,3.799777,3.888767,1.15559,4
sp29_street_sn5.wav,2.535495,3.259602,2.939766,3.529722,3.055402,3.974652,2.815368,2.798668,2.862368,3.407997,3.003213,3.089972,2.128162,4
sp30_street_sn5.wav,1.653553,3.124565,2.692696,2.684301,2.423981,2.853131,2.372962,1,3.05294,2.163164,3.128433,3.798012,1.325142,4
sp01_street_sn10.wav,2.384931,2.901278,3.062945,2.932161,2.199635,3.968247,3.159973,2.681731,2.442754,3.181151,2.721049,2.547442,2.388139,5
sp02_street_sn10.wav,3.613452,3.759381,3.330731,3.657297,3.53888,3.599405,3.105402,3.323181,3.666589,3.924869,3.710327,4.192064,3.330345,5
sp03_street_sn10.wav,4.084181,3.398595,3.153915,3.591145,3.190121,4.553511,2.900433,3.349684,3.427738,4.208787,3.526706,4.497446,3.516266,5
sp04_street_sn10.wav,3.47472,3.68344,3.267503,3.592056,3.172957,3.288274,3.232381,3.721944,3.289895,4.09572,3.533447,4.266987,4.063884,5
sp05_street_sn10.wav,3.825483,3.776969,3.660567,3.926918,3.516711,3.876784,3.721247,4.068968,4.527827,4.042755,4.391681,4.079611,4.207745,5
sp06_street_sn10.wav,3.401903,2.895799,3.150755,3.056577,3.372555,3.282459,2.612764,2.890286,3.103838,3.146064,3.532366,3.609307,3.684403,5
sp07_street_sn10.wav,3.0681,3.059124,3.016059,3.306794,3.19697,2.949392,2.814,2.794271,2.544756,2.734344,2.989595,2.470491,3.03646,5
sp08_street_sn10.wav,3.720548,3.545049,2.608526,2.883044,2.790634,2.784469,2.206927,3.30322,2.845377,3.63019,2.907147,4.090212,2.983597,5
sp09_street_sn10.wav,3.701756,3.406163,2.449288,2.522267,2.626185,3.16,2.562279,2.830489,2.838152,3.294755,3.081616,3.057422,4.019683,5
sp10_street_sn10.wav,3.823849,3.916486,2.490339,2.925167,2.883051,2.770963,2.833456,3.51645,2.970296,3.802663,3.242047,3.869039,3.779132,5
sp11_street_sn10.wav,3.170408,3.193942,3.442855,3.358627,3.215584,5,3.341793,3.394386,3.902674,4.236685,3.77965,3.867488,3.057339,5
sp12_street_sn10.wav,3.018913,3.083032,3.192769,2.903664,3.1673,3.272557,3.229094,2.573145,3.277074,3.416401,3.576964,4.034634,2.597905,5
sp13_street_sn10.wav,3.544043,3.336271,3.218503,3.018261,3.586775,3.745564,3.255414,2.951992,3.235781,3.505238,3.265707,4.020867,3.28187,5
sp14_street_sn10.wav,2.927919,3.1074,2.960339,3.096177,2.828766,3.901424,3.254221,3.183539,3.148665,3.491123,3.461167,3.122363,2.010008,5
sp15_street_sn10.wav,3.06333,3.147408,3.288873,3.118583,3.015413,4.162627,3.209461,2.876045,3.175831,2.72797,3.179105,3.706881,2.766813,5
sp16_street_sn10.wav,2.841138,2.946157,3.521137,3.683376,3.098399,3.391884,3.557832,2.791255,3.146012,3.23056,3.214273,3.328032,2.774243,5
sp17_street_sn10.wav,2.971058,3.120865,4.305283,4.163068,4.184191,4.161877,4.181778,2.906614,3.454955,3.315178,3.971142,4.775525,2.977596,5
sp18_street_sn10.wav,2.77689,3.304583,3.01334,3.214777,3.488914,3.718173,3.181203,2.393061,2.339202,3.544729,2.915139,3.915747,2.290158,5
sp19_street_sn10.wav,3.196782,3.183589,3.305333,2.991679,3.017696,5,3.243623,2.410757,2.770151,4.230554,3.3891,2.682587,2.3938,5
sp20_street_sn10.wav,2.29122,2.234891,2.724767,3.035014,3.195812,3.167617,2.827276,2.083805,2.058941,2.444436,2.506048,2.424814,2.459212,5
sp21_street_sn10.wav,3.151629,3.237498,3.050591,2.992567,3.094399,3.265209,3.040888,2.767994,2.932955,3.200775,3.014612,3.138118,2.605298,5
sp22_street_sn10.wav,3.070611,2.990067,3.115393,3.052348,3.14436,3.080545,3.083624,2.903498,2.046438,3.009689,3.146722,3.29173,2.175229,5
sp23_street_sn10.wav,3.062876,3.18805,2.325429,2.289536,3.482127,3.910789,1.995489,2.875985,2.946313,3.631883,2.477331,4.284655,3.489205,5
sp24_street_sn10.wav,2.773841,2.227325,2.363533,2.615943,3.170825,2.677356,2.528594,2.581326,2.481067,2.252007,2.311488,2.845902,1.681339,5
sp25_street_sn10.wav,2.802225,2.678685,2.512054,2.398348,2.58309,3.261343,2.635716,2.642272,2.800228,3.092395,2.69392,3.286667,2.424241,5
sp26_street_sn10.wav,3.403435,3.430946,3.280224,3.955021,3.842149,3.956594,3.50586,3.067912,3.645307,3.776623,3.725176,4.362995,3.144045,5
sp27_street_sn10.wav,3.418051,3.447757,3.800256,3.5724,3.326667,3.929676,3.97044,2.918063,3.264714,3.723041,3.837394,3.6725,3.041599,5
sp28_street_sn10.wav,3.346785,2.908599,3.999087,3.824533,3.852866,3.158323,3.876896,3.333873,3.610837,3.937677,3.637731,3.502961,2.92898,5
sp29_street_sn10.wav,3.59366,3.409389,3.198432,3.089975,3.074578,3.772099,3.210468,3.144914,3.194397,3.919652,3.126429,4.547745,3.348498,5
sp30_street_sn10.wav,1.7572,1.713024,2.135331,1.991927,2.665963,2.377708,2.144631,1.748387,2.124109,2.318506,1.688428,1.684804,2.145912,5
sp01_train_sn5.wav,2.857795,2.969378,3.004433,2.996901,2.822626,3.00958,2.350165,2.599688,2.759901,3.029003,2.927943,3.389769,1,6
sp02_train_sn5.wav,3.650374,3.498741,3.176855,3.357642,2.881513,3.393637,3.27391,2.727084,3.178294,3.603823,3.715074,3.621912,3.02165,6
sp03_train_sn5.wav,3.784486,3.985566,3.800696,3.379746,3.68031,5,3.75428,3.574172,3.439968,4.217431,3.014272,4.562126,1.389677,6
sp04_train_sn5.wav,3.078731,3.108527,3.124795,3.331284,3.129142,3.885969,3.065914,3.444297,3.405635,3.621791,3.066384,3.834947,2.370056,6
sp05_train_sn5.wav,3.537503,3.69327,2.997435,3.194832,3.105766,3.03415,2.804572,3.417312,3.413957,3.8131,3.386524,3.611808,2.674991,6
sp06_train_sn5.wav,3.555278,3.683475,2.974546,3.297229,3.159173,3.268032,2.845884,3.357838,3.162202,3.770039,2.993398,3.68727,2.40102,6
sp07_train_sn5.wav,2.138687,2.604796,3.487695,3.352044,3.508257,5,3.147584,2.820812,3.371389,3.83221,2.78908,5,2.360664,6
sp08_train_sn5.wav,2.457151,3.021927,2.509808,2.698542,2.494015,2.822127,2.248466,2.953986,2.496699,3.381513,2.808751,3.163142,2.448593,6
sp09_train_sn5.wav,2.456004,2.668369,2.511244,2.797779,2.550911,2.536433,2.41168,2.91574,3.285589,2.922864,2.64888,4.161511,2.053053,6
sp10_train_sn5.wav,2.189888,2.833614,2.652879,2.78071,3.149764,2.27546,2.71349,3.273824,2.955175,3.050474,2.584201,2.504058,2.236564,6
sp11_train_sn5.wav,2.854378,2.788698,2.836664,3.741732,3.743828,4.709141,2.958846,2.673448,3.386485,2.958477,3.45209,3.824358,1.705181,6
sp12_train_sn5.wav,2.687051,2.801776,3.474144,3.470334,3.331415,3.276156,3.620755,2.812807,3.109623,3.159777,3.182407,4.040606,2.067978,6
sp13_train_sn5.wav,2.570475,3.396898,3.88352,3.513606,3.873297,4.041262,3.518217,3.374446,3.47245,2.758294,3.806304,3.313791,2.787626,6
sp14_train_sn5.wav,2.441976,2.186894,2.771949,2.745919,3.000729,4.088099,2.588318,2.530204,2.676465,2.365418,2.829949,3.3819,1.043309,6
sp15_train_sn5.wav,2.760857,3.068977,3.390865,3.646509,3.507748,4.11892,3.584143,2.151689,3.249565,2.986617,2.938755,4.218528,1.803201,6
sp16_train_sn5.wav,3.173272,3.116412,3.424721,3.427927,3.548235,3.091911,3.252843,2.696423,3.069839,3.60069,3.676665,3.070949,2.79766,6
sp17_train_sn5.wav,2.842368,2.953574,2.733724,3.474058,3.53369,3.313383,2.884827,2.500145,2.86114,2.950438,3.420338,3.149858,2.034174,6
sp18_train_sn5.wav,2.414758,2.379815,2.863087,3.538562,3.926965,4.083235,2.846677,2.695721,3.030753,3.003939,3.435815,2.886515,1.814802,6
sp19_train_sn5.wav,2.088758,2.540613,2.17827,2.448603,2.691692,2.454109,2.292265,1.991568,2.607886,2.203628,2.881517,3.86342,1,6
sp20_train_sn5.wav,1.91505,2.758968,2.75132,2.317,2.617813,2.241715,2.642083,1.534623,2.421333,2.107916,2.071441,3.250163,1.60295,6
sp21_train_sn5.wav,2.596051,2.467885,2.420309,3.080635,2.954409,2.795267,2.970044,2.965737,2.850401,3.277075,2.666703,2.787342,1.090904,6
sp22_train_sn5.wav,2.697402,2.74534,2.463814,3.928845,3.720313,4.162434,2.557731,3.294253,3.218757,2.999548,3.521142,4.471269,1.403792,6
sp23_train_sn5.wav,2.731774,2.902354,2.826328,2.778735,2.950231,3.328974,2.576164,3.362754,3.15968,3.230831,3.115867,3.566401,2.730096,6
sp24_train_sn5.wav,2.307925,2.17609,2.883856,2.669875,2.741307,2.741516,2.240509,2.352818,2.904298,2.442561,2.795506,2.367054,2.016822,6
sp25_train_sn5.wav,2.237778,2.512226,2.668401,2.870895,2.705066,3.452859,2.412319,2.879073,3.040501,3.242831,2.449681,4.34045,1.494481,6
sp26_train_sn5.wav,3.24798,3.297261,3.114021,3.240143,2.988951,3.853589,3.26161,1.03437,3.347467,3.62714,3.662783,3.623611,1.16012,6
sp27_train_sn5.wav,3.555502,3.351734,3.47646,3.896078,3.598848,3.585537,3.646245,2.831887,3.662155,3.78092,3.894283,1.781717,3.129869,6
sp28_train_sn5.wav,3.295167,3.055788,3.389061,3.703709,3.536905,4.177269,3.888616,2.772659,3.202911,3.337694,3.29939,4.331362,1.190926,6
sp29_train_sn5.wav,3.208574,3.141249,3.170378,2.867809,2.915468,5,2.91774,2.883787,3.117724,3.432694,3.06222,2.783625,1.879763,6
sp30_train_sn5.wav,2.797565,2.761084,3.006269,3.784583,3.44776,2.677463,3.201006,2.900437,2.49995,2.599727,2.72653,3.248235,1.851239,6
sp01_train_sn10.wav,3.168669,2.894051,3.055675,2.952623,2.833725,3.205046,2.936109,3.083109,2.846209,3.529349,3.45082,5,2.488991,7
sp02_train_sn10.wav,3.698439,3.986828,3.346735,3.521966,3.582304,3.449273,3.274442,3.606186,3.78487,3.931201,3.655067,3.985766,3.66876,7
sp03_train_sn10.wav,3.273035,3.414738,3.054213,3.047366,3.260107,3.93298,3.054426,3.758149,3.40893,3.736123,3.265282,3.941041,4.081805,7
sp04_train_sn10.wav,3.650914,3.888669,3.307472,3.476801,3.616706,3.526447,3.340828,3.691795,3.632308,3.861123,3.575094,3.570933,4.114519,7
sp05_train_sn10.wav,3.710979,3.696095,3.754878,3.37034,3.620335,3.921636,3.702212,3.905877,3.742861,3.797291,3.602021,4.919333,3.869264,7
sp06_train_sn10.wav,3.371639,3.069626,3.077353,3.052361,3.025919,3.500507,3.129092,3.104192,3.234978,3.307141,3.077085,3.459117,3.328059,7
sp07_train_sn10.wav,3.668669,3.782528,3.689848,3.766631,3.372671,3.828149,3.28851,3.361315,3.411416,3.575706,3.481749,3.960872,2.9553,7
sp08_train_sn10.wav,2.933323,3.381625,2.910551,3.164596,3.137571,2.904815,3.045192,2.976249,2.84832,3.48891,3.758816,3.60024,3.191658,7
sp09_train_sn10.wav,3.324352,3.578367,2.704368,3.1041,2.921554,3.237952,2.857911,3.511798,2.973749,3.258413,3.064308,3.269546,3.232697,7
sp10_train_sn10.wav,3.773445,3.464822,3.542044,3.479213,3.25048,4.106612,3.110867,3.34333,3.393358,3.837922,4.238265,4.30568,3.025051,7
sp11_train_sn10.wav,3.040588,3.115091,3.804879,3.466669,3.548826,3.69162,3.044547,2.547464,3.338953,3.276235,3.309285,3.562212,3.012255,7
sp12_train_sn10.wav,3.272661,2.8404,3.394241,3.073591,3.627717,3.768909,3.332008,2.971389,3.373704,3.244407,3.158245,3.144667,3.021833,7
sp13_train_sn10.wav,3.360585,3.39164,3.34258,3.434697,3.419902,4.034414,3.502005,2.747017,3.642667,3.951984,3.002197,3.867385,3.105516,7
sp14_train_sn10.wav,2.490016,3.02809,2.942621,2.703698,2.233672,4.027663,2.920336,2.753357,2.908664,2.747897,2.958288,4.183602,2.445347,7
sp15_train_sn10.wav,2.990868,3.344992,3.698613,3.520949,3.441123,3.954779,3.917165,3.036243,3.480624,3.340355,3.575847,4.001209,3.136737,7
sp16_train_sn10.wav,2.774681,2.476976,3.234041,2.909719,2.948087,3.343003,2.975939,2.522871,2.824462,2.985449,3.159839,2.801054,2.510586,7
sp17_train_sn10.wav,3.19619,3.596437,3.683599,4.041164,4.226978,4.424115,3.746219,2.943123,3.588107,3.372955,4.470046,5,3.139531,7
sp18_train_sn10.wav,3.284825,3.252006,3.200796,3.06804,3.658841,3.291006,2.97872,2.965123,2.938219,3.421095,2.928158,4.040844,2.612885,7
sp19_train_sn10.wav,2.207161,2.417723,2.495765,2.433478,2.336298,3.931386,2.422724,2.464488,2.85409,2.550292,2.344619,4.569236,2.284566,7
sp20_train_sn10.wav,2.805137,3.111645,3.023669,3.137492,3.256164,3.578923,2.966951,2.714448,2.989686,3.411136,3.184835,3.573344,1.957112,7
sp21_train_sn10.wav,3.286661,2.659178,2.43581,2.79748,3.100153,3.024847,2.994004,3.086566,3.137028,2.941856,3.119131,3.233106,2.543167,7
sp22_train_sn10.wav,3.164229,3.500228,2.797191,3.47653,3.411544,4.086532,2.822985,3.592026,3.71368,3.875595,3.223718,4.94098,2.722362,7
sp23_train_sn10.wav,2.904283,3.299901,2.414719,2.415431,2.809767,2.957536,2.637638,2.842817,3.203623,3.308863,2.863017,3.42696,2.63467,7
sp24_train_sn10.wav,3.493747,2.902651,2.93164,2.910805,2.930027,3.569855,3.321276,3.177596,3.376306,3.464752,2.934231,4.254195,2.291282,7
sp25_train_sn10.wav,2.523023,2.934324,2.505752,2.368367,2.89985,3.187638,2.638877,2.969295,2.809883,3.001611,3.009433,3.661761,2.459323,7
sp26_train_sn10.wav,3.277936,3.580967,3.365957,3.112355,3.279822,3.610348,3.537994,3.443891,3.785948,3.648759,3.705942,3.760952,2.71753,7
sp27_train_sn10.wav,2.89211,3.525531,3.498517,3.316897,3.719784,3.92511,3.584814,3.144914,2.815212,3.804616,4.109842,4.069436,3.367714,7
sp28_train_sn10.wav,3.361941,3.434819,3.306941,3.696023,3.741848,3.586839,3.350151,2.832703,3.209561,3.605665,3.640353,3.853821,3.142856,7
sp29_train_sn10.wav,2.918548,3.25225,3.180833,3.396425,3.347142,3.744042,3.193884,2.856136,3.00253,3.220214,3.374551,3.64826,3.116323,7
sp30_train_sn10.wav,2.90522,3.142079,3.284528,3.365094,3.712504,3.748489,3.550171,2.636956,3.424346,3.711795,2.437607,3.555667,2.131013,7
